{
  "instrument":"AVIRIS-NG",
  "rows":480,
  "columns":640,
  "pg_template": [0.005,0.0023,0.0016,0.00125,0.0005,0.0,0.0,0.0],
  "panel_ghost_correction": 0.00065,
  "panel_width": 160,
  "dark_channels": [1,2,3,4,5,6,7,8,9,10,11,12,13,14,469,470,471,472,473,474,475,476,477,478],
  "header_rows": 1,
  "dark_margin": 100,
  "dark_lines":800,
  "obc_byte":641,
  "OBC_DARK": 2,
  "OBC_SCIENCE" :3,
  "OBC_DARK2":4, 
  "OBC_GRAY":5,
  "OBC_LAMP":6
}
  
